fault,detector,rank,channel,contribution
1,SPE,1,xmeas_4,14.961630961488824
1,SPE,2,xmv_4,8.2187074489026894
1,SPE,3,xmeas_38,8.100063242026577
1,SPE,4,xmeas_21,7.2920416929103302
1,SPE,5,xmeas_33,3.2483923077234191
2,SPE,1,xmeas_25,3.350527091346498
2,SPE,2,xmeas_20,3.2147371858767753
2,SPE,3,xmeas_4,2.663457235921086
2,SPE,4,xmeas_23,2.6003204972972047
2,SPE,5,xmeas_22,2.4639800472259648
4,SPE,1,xmv_10,13.63418713733426
4,SPE,2,xmeas_9,11.691198104041042
4,SPE,3,xmeas_33,0.50364428675027961
4,SPE,4,xmeas_25,0.44262415476656214
4,SPE,5,xmeas_29,0.42669197563488853
5,SPE,1,xmeas_38,7.5972300064609106
5,SPE,2,xmeas_4,2.3921503727532594
5,SPE,3,xmv_4,1.3388889555409176
5,SPE,4,xmeas_11,1.1481337366465079
5,SPE,5,xmeas_33,1.0905434565458623
6,SPE,1,xmv_5,3744.3329491698983
6,SPE,2,xmv_10,1546.8078189580406
6,SPE,3,xmeas_9,1372.1227936477242
6,SPE,4,xmeas_20,594.25217231629142
6,SPE,5,xmeas_1,365.08292619862135
7,SPE,1,xmeas_4,20.195518228261079
7,SPE,2,xmv_4,10.655390482237696
7,SPE,3,xmeas_38,4.6337764349776371
7,SPE,4,xmeas_35,3.1430605357740466
7,SPE,5,xmeas_20,1.7911208984077469
8,SPE,1,xmeas_20,5.410536640054227
8,SPE,2,xmeas_23,5.0418216312251971
8,SPE,3,xmeas_38,4.9211112197020697
8,SPE,4,xmeas_16,4.0479054357297937
8,SPE,5,xmv_5,3.4387967175289833
10,SPE,1,xmeas_18,4.9742932499071282
10,SPE,2,xmeas_38,2.5536375807767064
10,SPE,3,xmeas_19,2.5036369630437161
10,SPE,4,xmv_9,0.73610427562360881
10,SPE,5,xmeas_33,0.54789136780202952
11,SPE,1,xmv_10,16.516111731199665
11,SPE,2,xmeas_9,14.255391714720613
11,SPE,3,xmeas_33,0.56973913542252264
11,SPE,4,xmeas_25,0.51352264574358886
11,SPE,5,xmeas_38,0.47548395225615336
12,SPE,1,xmeas_38,13.719324728883072
12,SPE,2,xmeas_4,5.205655994218275
12,SPE,3,xmeas_11,4.7756561780686928
12,SPE,4,xmeas_20,3.4154449716390589
12,SPE,5,xmv_4,2.8444736000745818
13,SPE,1,xmeas_38,38.573775824204851
13,SPE,2,xmeas_16,24.852604642524955
13,SPE,3,xmeas_33,15.994797713599077
13,SPE,4,xmeas_7,15.162987560045334
13,SPE,5,xmeas_31,14.656740649736767
14,SPE,1,xmeas_21,49.867265528273599
14,SPE,2,xmeas_2,12.941081006925572
14,SPE,3,xmv_1,12.65411081304962
14,SPE,4,xmeas_22,2.1916386973102591
14,SPE,5,xmeas_11,1.2342326472025855
16,SPE,1,xmv_9,4.9363876030728164
16,SPE,2,xmeas_19,2.0196287507271573
16,SPE,3,xmeas_18,1.4845314647861398
16,SPE,4,xmeas_38,1.4208530427432025
16,SPE,5,xmeas_33,0.62278262208603308
17,SPE,1,xmeas_21,712.36252214249544
17,SPE,2,xmeas_2,180.2391176425032
17,SPE,3,xmv_1,178.0508993691117
17,SPE,4,xmeas_22,29.745303895526408
17,SPE,5,xmv_10,26.224472370387762
18,SPE,1,xmv_5,878.74566161760845
18,SPE,2,xmv_10,360.78252348636352
18,SPE,3,xmeas_9,313.04009072113206
18,SPE,4,xmv_1,193.70626373894166
18,SPE,5,xmeas_4,110.02229121047883
19,SPE,1,xmv_5,3.3145134685747673
19,SPE,2,xmeas_38,1.7387202178841421
19,SPE,3,xmeas_33,0.90407241176295472
19,SPE,4,xmeas_23,0.80246828104420864
19,SPE,5,xmeas_21,0.79811954025190202
20,SPE,1,xmv_5,32.740638483839497
20,SPE,2,xmeas_20,8.5572518225851066
20,SPE,3,xmeas_7,5.0932741411694007
20,SPE,4,xmeas_23,4.1820606199712191
20,SPE,5,xmeas_29,3.6670033295186948
1,ridge,1,xmeas_1,10267.497885120936
1,ridge,2,xmv_3,10259.833944878661
1,ridge,3,xmeas_16,155.25691607007042
1,ridge,4,xmeas_19,85.10265256398354
1,ridge,5,xmeas_7,77.011157983697203
2,ridge,1,xmeas_10,8255.5262587144825
2,ridge,2,xmv_6,8151.9342333793447
2,ridge,3,xmeas_1,883.4265430664268
2,ridge,4,xmv_3,877.21263914905114
2,ridge,5,xmeas_34,488.97052189214673
4,ridge,1,xmv_10,120.74126015831331
4,ridge,2,xmeas_9,5.642443673087393
4,ridge,3,xmv_3,1.3064734708439718
4,ridge,4,xmeas_1,1.3053003969444681
4,ridge,5,xmeas_26,1.1129818673513945
5,ridge,1,xmeas_1,6050.5540330994472
5,ridge,2,xmv_3,6028.1812380849415
5,ridge,3,xmeas_10,1449.9723100168828
5,ridge,4,xmv_6,1369.9649216776343
5,ridge,5,xmeas_30,179.48228772854566
6,ridge,1,xmeas_1,318638.93438207207
6,ridge,2,xmv_3,234049.54251876101
6,ridge,3,xmeas_10,61638.494073209855
6,ridge,4,xmv_6,51690.640107909421
6,ridge,5,xmv_5,42114.679340473354
7,ridge,1,xmv_4,153.96732594972767
7,ridge,2,xmeas_18,43.476603994673845
7,ridge,3,xmeas_19,39.768308331435385
7,ridge,4,xmv_3,35.012994327428977
7,ridge,5,xmeas_1,34.932112014176788
8,ridge,1,xmeas_1,663.24311390489561
8,ridge,2,xmv_3,662.20679199720951
8,ridge,3,xmeas_10,308.75967803590896
8,ridge,4,xmv_6,299.90614047807605
8,ridge,5,xmeas_18,55.913007278069578
10,ridge,1,xmeas_18,496.62917282022033
10,ridge,2,xmeas_21,28.202874168461566
10,ridge,3,xmv_9,25.932921501965556
10,ridge,4,xmeas_16,22.02869174434576
10,ridge,5,xmv_3,14.783439252154539
11,ridge,1,xmv_10,196.75108872219474
11,ridge,2,xmeas_9,58.762694060413125
11,ridge,3,xmeas_21,2.6449534597643329
11,ridge,4,xmeas_18,2.202254829921706
11,ridge,5,xmeas_7,1.7807712533330702
12,ridge,1,xmeas_1,687.46955261944561
12,ridge,2,xmv_3,685.41731616521179
12,ridge,3,xmeas_10,156.7894264440439
12,ridge,4,xmv_6,147.07398693050328
12,ridge,5,xmeas_18,129.1430848855085
13,ridge,1,xmeas_1,395.33025140364714
13,ridge,2,xmv_3,394.87493360130378
13,ridge,3,xmeas_18,273.69716075563531
13,ridge,4,xmeas_19,191.36377067802772
13,ridge,5,xmeas_21,110.1899728617971
14,ridge,1,xmeas_21,121.84715352309462
14,ridge,2,xmeas_9,77.190033884983833
14,ridge,3,xmv_10,70.080888850778592
14,ridge,4,xmeas_1,1.6083253184773374
14,ridge,5,xmv_3,1.6035394356355366
16,ridge,1,xmeas_19,271.97774291333076
16,ridge,2,xmeas_18,260.52625807752565
16,ridge,3,xmv_9,80.313676523051768
16,ridge,4,xmv_3,12.600900022345598
16,ridge,5,xmeas_1,11.864685271339114
17,ridge,1,xmeas_21,15600.16729453369
17,ridge,2,xmeas_9,610.36802325733584
17,ridge,3,xmeas_1,320.86656469124455
17,ridge,4,xmv_3,315.81657546937885
17,ridge,5,xmeas_20,184.89978586252542
18,ridge,1,xmeas_1,27542.477434452769
18,ridge,2,xmv_3,27391.385143120999
18,ridge,3,xmeas_19,11982.186030054798
18,ridge,4,xmeas_10,10326.197084878542
18,ridge,5,xmeas_18,10277.230433063258
19,ridge,1,xmv_5,20.938922204857658
19,ridge,2,xmeas_19,11.160904583897725
19,ridge,3,xmeas_18,10.905379251610114
19,ridge,4,xmeas_13,6.760075918489262
19,ridge,5,xmeas_20,6.7459204112867885
20,ridge,1,xmeas_13,296.78583385785174
20,ridge,2,xmv_5,187.41946841883575
20,ridge,3,xmeas_20,126.48111598437123
20,ridge,4,xmeas_1,85.653827189081554
20,ridge,5,xmv_3,83.976935603820877
