fault,detector,detection_rate,median_delay_min,runs_missed
0,T2,0.00051999999999999995,,
1,T2,0.98541666666666683,25.5,0
2,T2,0.97281250000000008,39,0
3,T2,0.00020833333333333332,231,19
4,T2,0.091354166666666653,64.5,0
5,T2,0.33156250000000004,9,0
6,T2,0.97875000000000012,33,0
7,T2,0.99593749999999992,9,0
8,T2,0.94187500000000013,70.5,0
9,T2,0.00010416666666666666,231,19
10,T2,0.084895833333333337,471,0
11,T2,0.25770833333333332,43.5,0
12,T2,0.94406249999999992,37.5,0
13,T2,0.88447916666666659,159,0
14,T2,0.97812500000000002,12,0
15,T2,0.00020833333333333332,231,19
16,T2,0.019375,690,3
17,T2,0.66593750000000007,138,0
18,T2,0.87083333333333335,175.5,0
19,T2,0.0098958333333333346,471,0
20,T2,0.13625000000000001,186,0
0,SPE,0,,
1,SPE,0.99187499999999995,15,0
2,SPE,0.95895833333333313,57,0
3,SPE,0,,20
4,SPE,0.99416666666666664,12,0
5,SPE,0.12541666666666668,15,0
6,SPE,0.99583333333333335,9,0
7,SPE,0.99583333333333335,9,0
8,SPE,0.82187500000000002,67.5,0
9,SPE,0,,20
10,SPE,0.17656250000000001,177,0
11,SPE,0.4336458333333334,40.5,0
12,SPE,0.8671875,48,0
13,SPE,0.89333333333333331,136.5,0
14,SPE,0.78385416666666663,13.5,0
15,SPE,0,,20
16,SPE,0.10114583333333334,156,0
17,SPE,0.86781249999999999,118.5,0
18,SPE,0.8843749999999998,151.5,0
19,SPE,0.003333333333333334,610.5,6
20,SPE,0.43218750000000006,165,0
0,ridge,0,,
1,ridge,0.99354166666666688,12,0
2,ridge,0.96510416666666665,51,0
3,ridge,0,,20
4,ridge,0.96885416666666679,9,0
5,ridge,0.99583333333333335,9,0
6,ridge,0.99583333333333335,9,0
7,ridge,0.99583333333333335,9,0
8,ridge,0.95447916666666655,52.5,0
9,ridge,0,,20
10,ridge,0.69760416666666669,67.5,0
11,ridge,0.45354166666666662,33,0
12,ridge,0.95687499999999992,30,0
13,ridge,0.9017708333333333,138,0
14,ridge,0.99541666666666673,9,0
15,ridge,0,,20
16,ridge,0.71187499999999992,45,0
17,ridge,0.86687499999999995,118.5,0
18,ridge,0.89270833333333344,141,0
19,ridge,0.029166666666666667,121.5,0
20,ridge,0.63510416666666669,151.5,0
